City,Population,Public Transportation Rate,Median Age
,179573354.0,5.868704018827265,36.60834611171947
